{
  "LocationType": "countries",
  "values": [
    {
      "id": 7,
      "name": "Argentina"
    },
    {
      "id": 29,
      "name": "Australia"
    },
    {
      "id": 10,
      "name": "Belgium"
    },
    {
      "id": 46,
      "name": "Bosnia"
    },
    {
      "id": 23,
      "name": "Brazil"
    },
    {
      "id": 22,
      "name": "Chile"
    },
    {
      "id": 21,
      "name": "China"
    },
    {
      "id": 41,
      "name": "China - Europe"
    },
    {
      "id": 38,
      "name": "Columbia"
    },
    {
      "id": 24,
      "name": "Dominion Republic"
    },
    {
      "id": 37,
      "name": "Ecuador"
    },
    {
      "id": 20,
      "name": "Egypt"
    },
    {
      "id": 40,
      "name": "Egypt - Europe"
    },
    {
      "id": 11,
      "name": "France"
    },
    {
      "id": 12,
      "name": "Germany"
    },
    {
      "id": 42,
      "name": "Greece"
    },
    {
      "id": 25,
      "name": "Guatemala"
    },
    {
      "id": 13,
      "name": "Holland"
    },
    {
      "id": 31,
      "name": "India"
    },
    {
      "id": 45,
      "name": "Israel"
    },
    {
      "id": 35,
      "name": "Japan"
    },
    {
      "id": 8,
      "name": "Mexico"
    },
    {
      "id": 34,
      "name": "New Zealand"
    },
    {
      "id": 33,
      "name": "Pakistan"
    },
    {
      "id": 36,
      "name": "Peru"
    },
    {
      "id": 14,
      "name": "Poland"
    },
    {
      "id": 15,
      "name": "Portugal"
    },
    {
      "id": 16,
      "name": "Russia"
    },
    {
      "id": 27,
      "name": "Saudi Arabia"
    },
    {
      "id": 43,
      "name": "Serbia"
    },
    {
      "id": 47,
      "name": "Serbia"
    },
    {
      "id": 28,
      "name": "South Africa"
    },
    {
      "id": 17,
      "name": "Spain"
    },
    {
      "id": 32,
      "name": "Thailand"
    },
    {
      "id": 6,
      "name": "To Delete"
    },
    {
      "id": 30,
      "name": "Turkey"
    },
    {
      "id": 1,
      "name": "U.S./Canada"
    },
    {
      "id": 18,
      "name": "UK"
    },
    {
      "id": 44,
      "name": "Ukraine"
    },
    {
      "id": 9,
      "name": "Venezuela"
    },
    {
      "id": 39,
      "name": "Vietnam"
    }
  ]
}