{
  "content": {
    "LocationType": "globalRegions",
    "values": [
      {
        "id": 8,
        "name": "AMENA"
      },
      {
        "id": 7,
        "name": "Europe"
      },
      {
        "id": 1,
        "name": "FLNA"
      },
      {
        "id": 6,
        "name": "LATAM"
      },
      {
        "id": 9,
        "name": "SACC"
      },
      {
        "id": 10,
        "name": "sample"
      },
      {
        "id": 5,
        "name": "To"
      }
    ]
  }
}